respondent_id,task_id,alternative_id,choice,intelligence,context_window,privacy,price
1,1,A,1,Advanced,Standard,Default,20.0
1,1,B,0,Advanced,Standard,Private,60.0
1,1,None,0,,,,
1,2,A,1,Expert,Standard,Default,20.0
1,2,B,0,Expert,Long,Private,130.0
1,2,None,0,,,,
1,3,A,0,Advanced,Long,Private,130.0
1,3,B,1,Basic,Long,Default,20.0
1,3,None,0,,,,
1,4,A,1,Advanced,Long,Private,60.0
1,4,B,0,Expert,Long,Default,20.0
1,4,None,0,,,,
1,5,A,0,Advanced,Extended,Default,130.0
1,5,B,1,Expert,Standard,Private,60.0
1,5,None,0,,,,
1,6,A,0,Expert,Extended,Private,20.0
1,6,B,0,Advanced,Long,Default,20.0
1,6,None,1,,,,
1,7,A,1,Advanced,Extended,Private,60.0
1,7,B,0,Expert,Standard,Default,130.0
1,7,None,0,,,,
1,8,A,0,Basic,Long,Default,130.0
1,8,B,1,Advanced,Extended,Private,20.0
1,8,None,0,,,,
1,9,A,0,Basic,Standard,Private,130.0
1,9,B,0,Advanced,Standard,Default,130.0
1,9,None,1,,,,
2,1,A,0,Advanced,Standard,Default,20.0
2,1,B,1,Advanced,Standard,Private,60.0
2,1,None,0,,,,
2,2,A,1,Expert,Standard,Default,20.0
2,2,B,0,Expert,Long,Private,130.0
2,2,None,0,,,,
2,3,A,0,Advanced,Long,Private,130.0
2,3,B,1,Basic,Long,Default,20.0
2,3,None,0,,,,
2,4,A,0,Advanced,Long,Private,60.0
2,4,B,1,Expert,Long,Default,20.0
2,4,None,0,,,,
2,5,A,0,Advanced,Extended,Default,130.0
2,5,B,1,Expert,Standard,Private,60.0
2,5,None,0,,,,
2,6,A,1,Expert,Extended,Private,20.0
2,6,B,0,Advanced,Long,Default,20.0
2,6,None,0,,,,
2,7,A,0,Advanced,Extended,Private,60.0
2,7,B,0,Expert,Standard,Default,130.0
2,7,None,1,,,,
2,8,A,0,Basic,Long,Default,130.0
2,8,B,1,Advanced,Extended,Private,20.0
2,8,None,0,,,,
2,9,A,0,Basic,Standard,Private,130.0
2,9,B,0,Advanced,Standard,Default,130.0
2,9,None,1,,,,
3,1,A,0,Advanced,Standard,Default,20.0
3,1,B,0,Advanced,Standard,Private,60.0
3,1,None,1,,,,
3,2,A,1,Expert,Standard,Default,20.0
3,2,B,0,Expert,Long,Private,130.0
3,2,None,0,,,,
3,3,A,0,Advanced,Long,Private,130.0
3,3,B,0,Basic,Long,Default,20.0
3,3,None,1,,,,
3,4,A,1,Advanced,Long,Private,60.0
3,4,B,0,Expert,Long,Default,20.0
3,4,None,0,,,,
3,5,A,0,Advanced,Extended,Default,130.0
3,5,B,0,Expert,Standard,Private,60.0
3,5,None,1,,,,
3,6,A,1,Expert,Extended,Private,20.0
3,6,B,0,Advanced,Long,Default,20.0
3,6,None,0,,,,
3,7,A,1,Advanced,Extended,Private,60.0
3,7,B,0,Expert,Standard,Default,130.0
3,7,None,0,,,,
3,8,A,0,Basic,Long,Default,130.0
3,8,B,1,Advanced,Extended,Private,20.0
3,8,None,0,,,,
3,9,A,0,Basic,Standard,Private,130.0
3,9,B,0,Advanced,Standard,Default,130.0
3,9,None,1,,,,
4,1,A,0,Advanced,Standard,Default,20.0
4,1,B,0,Advanced,Standard,Private,60.0
4,1,None,1,,,,
4,2,A,0,Expert,Standard,Default,20.0
4,2,B,0,Expert,Long,Private,130.0
4,2,None,1,,,,
4,3,A,0,Advanced,Long,Private,130.0
4,3,B,1,Basic,Long,Default,20.0
4,3,None,0,,,,
4,4,A,0,Advanced,Long,Private,60.0
4,4,B,1,Expert,Long,Default,20.0
4,4,None,0,,,,
4,5,A,0,Advanced,Extended,Default,130.0
4,5,B,1,Expert,Standard,Private,60.0
4,5,None,0,,,,
4,6,A,1,Expert,Extended,Private,20.0
4,6,B,0,Advanced,Long,Default,20.0
4,6,None,0,,,,
4,7,A,0,Advanced,Extended,Private,60.0
4,7,B,0,Expert,Standard,Default,130.0
4,7,None,1,,,,
4,8,A,0,Basic,Long,Default,130.0
4,8,B,1,Advanced,Extended,Private,20.0
4,8,None,0,,,,
4,9,A,0,Basic,Standard,Private,130.0
4,9,B,0,Advanced,Standard,Default,130.0
4,9,None,1,,,,
5,1,A,0,Advanced,Standard,Default,20.0
5,1,B,0,Advanced,Standard,Private,60.0
5,1,None,1,,,,
5,2,A,1,Expert,Standard,Default,20.0
5,2,B,0,Expert,Long,Private,130.0
5,2,None,0,,,,
5,3,A,0,Advanced,Long,Private,130.0
5,3,B,0,Basic,Long,Default,20.0
5,3,None,1,,,,
5,4,A,1,Advanced,Long,Private,60.0
5,4,B,0,Expert,Long,Default,20.0
5,4,None,0,,,,
5,5,A,1,Advanced,Extended,Default,130.0
5,5,B,0,Expert,Standard,Private,60.0
5,5,None,0,,,,
5,6,A,1,Expert,Extended,Private,20.0
5,6,B,0,Advanced,Long,Default,20.0
5,6,None,0,,,,
5,7,A,1,Advanced,Extended,Private,60.0
5,7,B,0,Expert,Standard,Default,130.0
5,7,None,0,,,,
5,8,A,0,Basic,Long,Default,130.0
5,8,B,1,Advanced,Extended,Private,20.0
5,8,None,0,,,,
5,9,A,0,Basic,Standard,Private,130.0
5,9,B,0,Advanced,Standard,Default,130.0
5,9,None,1,,,,
6,1,A,0,Advanced,Standard,Default,20.0
6,1,B,0,Advanced,Standard,Private,60.0
6,1,None,1,,,,
6,2,A,1,Expert,Standard,Default,20.0
6,2,B,0,Expert,Long,Private,130.0
6,2,None,0,,,,
6,3,A,1,Advanced,Long,Private,130.0
6,3,B,0,Basic,Long,Default,20.0
6,3,None,0,,,,
6,4,A,1,Advanced,Long,Private,60.0
6,4,B,0,Expert,Long,Default,20.0
6,4,None,0,,,,
6,5,A,0,Advanced,Extended,Default,130.0
6,5,B,0,Expert,Standard,Private,60.0
6,5,None,1,,,,
6,6,A,1,Expert,Extended,Private,20.0
6,6,B,0,Advanced,Long,Default,20.0
6,6,None,0,,,,
6,7,A,0,Advanced,Extended,Private,60.0
6,7,B,0,Expert,Standard,Default,130.0
6,7,None,1,,,,
6,8,A,0,Basic,Long,Default,130.0
6,8,B,1,Advanced,Extended,Private,20.0
6,8,None,0,,,,
6,9,A,1,Basic,Standard,Private,130.0
6,9,B,0,Advanced,Standard,Default,130.0
6,9,None,0,,,,
7,1,A,0,Advanced,Standard,Default,20.0
7,1,B,0,Advanced,Standard,Private,60.0
7,1,None,1,,,,
7,2,A,0,Expert,Standard,Default,20.0
7,2,B,1,Expert,Long,Private,130.0
7,2,None,0,,,,
7,3,A,0,Advanced,Long,Private,130.0
7,3,B,1,Basic,Long,Default,20.0
7,3,None,0,,,,
7,4,A,0,Advanced,Long,Private,60.0
7,4,B,1,Expert,Long,Default,20.0
7,4,None,0,,,,
7,5,A,0,Advanced,Extended,Default,130.0
7,5,B,1,Expert,Standard,Private,60.0
7,5,None,0,,,,
7,6,A,1,Expert,Extended,Private,20.0
7,6,B,0,Advanced,Long,Default,20.0
7,6,None,0,,,,
7,7,A,1,Advanced,Extended,Private,60.0
7,7,B,0,Expert,Standard,Default,130.0
7,7,None,0,,,,
7,8,A,0,Basic,Long,Default,130.0
7,8,B,0,Advanced,Extended,Private,20.0
7,8,None,1,,,,
7,9,A,0,Basic,Standard,Private,130.0
7,9,B,0,Advanced,Standard,Default,130.0
7,9,None,1,,,,
8,1,A,1,Advanced,Standard,Default,20.0
8,1,B,0,Advanced,Standard,Private,60.0
8,1,None,0,,,,
8,2,A,0,Expert,Standard,Default,20.0
8,2,B,0,Expert,Long,Private,130.0
8,2,None,1,,,,
8,3,A,0,Advanced,Long,Private,130.0
8,3,B,1,Basic,Long,Default,20.0
8,3,None,0,,,,
8,4,A,1,Advanced,Long,Private,60.0
8,4,B,0,Expert,Long,Default,20.0
8,4,None,0,,,,
8,5,A,0,Advanced,Extended,Default,130.0
8,5,B,0,Expert,Standard,Private,60.0
8,5,None,1,,,,
8,6,A,0,Expert,Extended,Private,20.0
8,6,B,0,Advanced,Long,Default,20.0
8,6,None,1,,,,
8,7,A,1,Advanced,Extended,Private,60.0
8,7,B,0,Expert,Standard,Default,130.0
8,7,None,0,,,,
8,8,A,0,Basic,Long,Default,130.0
8,8,B,0,Advanced,Extended,Private,20.0
8,8,None,1,,,,
8,9,A,0,Basic,Standard,Private,130.0
8,9,B,0,Advanced,Standard,Default,130.0
8,9,None,1,,,,
9,1,A,1,Advanced,Standard,Default,20.0
9,1,B,0,Advanced,Standard,Private,60.0
9,1,None,0,,,,
9,2,A,1,Expert,Standard,Default,20.0
9,2,B,0,Expert,Long,Private,130.0
9,2,None,0,,,,
9,3,A,0,Advanced,Long,Private,130.0
9,3,B,1,Basic,Long,Default,20.0
9,3,None,0,,,,
9,4,A,0,Advanced,Long,Private,60.0
9,4,B,1,Expert,Long,Default,20.0
9,4,None,0,,,,
9,5,A,0,Advanced,Extended,Default,130.0
9,5,B,1,Expert,Standard,Private,60.0
9,5,None,0,,,,
9,6,A,0,Expert,Extended,Private,20.0
9,6,B,1,Advanced,Long,Default,20.0
9,6,None,0,,,,
9,7,A,1,Advanced,Extended,Private,60.0
9,7,B,0,Expert,Standard,Default,130.0
9,7,None,0,,,,
9,8,A,0,Basic,Long,Default,130.0
9,8,B,1,Advanced,Extended,Private,20.0
9,8,None,0,,,,
9,9,A,0,Basic,Standard,Private,130.0
9,9,B,0,Advanced,Standard,Default,130.0
9,9,None,1,,,,
10,1,A,0,Advanced,Standard,Default,20.0
10,1,B,0,Advanced,Standard,Private,60.0
10,1,None,1,,,,
10,2,A,0,Expert,Standard,Default,20.0
10,2,B,0,Expert,Long,Private,130.0
10,2,None,1,,,,
10,3,A,0,Advanced,Long,Private,130.0
10,3,B,1,Basic,Long,Default,20.0
10,3,None,0,,,,
10,4,A,0,Advanced,Long,Private,60.0
10,4,B,1,Expert,Long,Default,20.0
10,4,None,0,,,,
10,5,A,0,Advanced,Extended,Default,130.0
10,5,B,1,Expert,Standard,Private,60.0
10,5,None,0,,,,
10,6,A,0,Expert,Extended,Private,20.0
10,6,B,1,Advanced,Long,Default,20.0
10,6,None,0,,,,
10,7,A,1,Advanced,Extended,Private,60.0
10,7,B,0,Expert,Standard,Default,130.0
10,7,None,0,,,,
10,8,A,0,Basic,Long,Default,130.0
10,8,B,1,Advanced,Extended,Private,20.0
10,8,None,0,,,,
10,9,A,0,Basic,Standard,Private,130.0
10,9,B,0,Advanced,Standard,Default,130.0
10,9,None,1,,,,
11,1,A,1,Advanced,Standard,Default,20.0
11,1,B,0,Advanced,Standard,Private,60.0
11,1,None,0,,,,
11,2,A,0,Expert,Standard,Default,20.0
11,2,B,0,Expert,Long,Private,130.0
11,2,None,1,,,,
11,3,A,0,Advanced,Long,Private,130.0
11,3,B,0,Basic,Long,Default,20.0
11,3,None,1,,,,
11,4,A,0,Advanced,Long,Private,60.0
11,4,B,1,Expert,Long,Default,20.0
11,4,None,0,,,,
11,5,A,0,Advanced,Extended,Default,130.0
11,5,B,0,Expert,Standard,Private,60.0
11,5,None,1,,,,
11,6,A,0,Expert,Extended,Private,20.0
11,6,B,1,Advanced,Long,Default,20.0
11,6,None,0,,,,
11,7,A,0,Advanced,Extended,Private,60.0
11,7,B,0,Expert,Standard,Default,130.0
11,7,None,1,,,,
11,8,A,0,Basic,Long,Default,130.0
11,8,B,0,Advanced,Extended,Private,20.0
11,8,None,1,,,,
11,9,A,0,Basic,Standard,Private,130.0
11,9,B,0,Advanced,Standard,Default,130.0
11,9,None,1,,,,
12,1,A,0,Advanced,Standard,Default,20.0
12,1,B,1,Advanced,Standard,Private,60.0
12,1,None,0,,,,
12,2,A,1,Expert,Standard,Default,20.0
12,2,B,0,Expert,Long,Private,130.0
12,2,None,0,,,,
12,3,A,0,Advanced,Long,Private,130.0
12,3,B,1,Basic,Long,Default,20.0
12,3,None,0,,,,
12,4,A,0,Advanced,Long,Private,60.0
12,4,B,1,Expert,Long,Default,20.0
12,4,None,0,,,,
12,5,A,0,Advanced,Extended,Default,130.0
12,5,B,0,Expert,Standard,Private,60.0
12,5,None,1,,,,
12,6,A,0,Expert,Extended,Private,20.0
12,6,B,1,Advanced,Long,Default,20.0
12,6,None,0,,,,
12,7,A,1,Advanced,Extended,Private,60.0
12,7,B,0,Expert,Standard,Default,130.0
12,7,None,0,,,,
12,8,A,0,Basic,Long,Default,130.0
12,8,B,1,Advanced,Extended,Private,20.0
12,8,None,0,,,,
12,9,A,0,Basic,Standard,Private,130.0
12,9,B,0,Advanced,Standard,Default,130.0
12,9,None,1,,,,
13,1,A,0,Advanced,Standard,Default,20.0
13,1,B,0,Advanced,Standard,Private,60.0
13,1,None,1,,,,
13,2,A,1,Expert,Standard,Default,20.0
13,2,B,0,Expert,Long,Private,130.0
13,2,None,0,,,,
13,3,A,0,Advanced,Long,Private,130.0
13,3,B,1,Basic,Long,Default,20.0
13,3,None,0,,,,
13,4,A,0,Advanced,Long,Private,60.0
13,4,B,1,Expert,Long,Default,20.0
13,4,None,0,,,,
13,5,A,0,Advanced,Extended,Default,130.0
13,5,B,1,Expert,Standard,Private,60.0
13,5,None,0,,,,
13,6,A,0,Expert,Extended,Private,20.0
13,6,B,0,Advanced,Long,Default,20.0
13,6,None,1,,,,
13,7,A,0,Advanced,Extended,Private,60.0
13,7,B,0,Expert,Standard,Default,130.0
13,7,None,1,,,,
13,8,A,0,Basic,Long,Default,130.0
13,8,B,1,Advanced,Extended,Private,20.0
13,8,None,0,,,,
13,9,A,0,Basic,Standard,Private,130.0
13,9,B,0,Advanced,Standard,Default,130.0
13,9,None,1,,,,
14,1,A,1,Advanced,Standard,Default,20.0
14,1,B,0,Advanced,Standard,Private,60.0
14,1,None,0,,,,
14,2,A,0,Expert,Standard,Default,20.0
14,2,B,1,Expert,Long,Private,130.0
14,2,None,0,,,,
14,3,A,0,Advanced,Long,Private,130.0
14,3,B,1,Basic,Long,Default,20.0
14,3,None,0,,,,
14,4,A,1,Advanced,Long,Private,60.0
14,4,B,0,Expert,Long,Default,20.0
14,4,None,0,,,,
14,5,A,0,Advanced,Extended,Default,130.0
14,5,B,1,Expert,Standard,Private,60.0
14,5,None,0,,,,
14,6,A,1,Expert,Extended,Private,20.0
14,6,B,0,Advanced,Long,Default,20.0
14,6,None,0,,,,
14,7,A,0,Advanced,Extended,Private,60.0
14,7,B,0,Expert,Standard,Default,130.0
14,7,None,1,,,,
14,8,A,0,Basic,Long,Default,130.0
14,8,B,1,Advanced,Extended,Private,20.0
14,8,None,0,,,,
14,9,A,0,Basic,Standard,Private,130.0
14,9,B,0,Advanced,Standard,Default,130.0
14,9,None,1,,,,
15,1,A,1,Advanced,Standard,Default,20.0
15,1,B,0,Advanced,Standard,Private,60.0
15,1,None,0,,,,
15,2,A,1,Expert,Standard,Default,20.0
15,2,B,0,Expert,Long,Private,130.0
15,2,None,0,,,,
15,3,A,0,Advanced,Long,Private,130.0
15,3,B,1,Basic,Long,Default,20.0
15,3,None,0,,,,
15,4,A,0,Advanced,Long,Private,60.0
15,4,B,1,Expert,Long,Default,20.0
15,4,None,0,,,,
15,5,A,0,Advanced,Extended,Default,130.0
15,5,B,0,Expert,Standard,Private,60.0
15,5,None,1,,,,
15,6,A,1,Expert,Extended,Private,20.0
15,6,B,0,Advanced,Long,Default,20.0
15,6,None,0,,,,
15,7,A,1,Advanced,Extended,Private,60.0
15,7,B,0,Expert,Standard,Default,130.0
15,7,None,0,,,,
15,8,A,0,Basic,Long,Default,130.0
15,8,B,1,Advanced,Extended,Private,20.0
15,8,None,0,,,,
15,9,A,0,Basic,Standard,Private,130.0
15,9,B,0,Advanced,Standard,Default,130.0
15,9,None,1,,,,
16,1,A,0,Advanced,Standard,Default,20.0
16,1,B,0,Advanced,Standard,Private,60.0
16,1,None,1,,,,
16,2,A,0,Expert,Standard,Default,20.0
16,2,B,0,Expert,Long,Private,130.0
16,2,None,1,,,,
16,3,A,1,Advanced,Long,Private,130.0
16,3,B,0,Basic,Long,Default,20.0
16,3,None,0,,,,
16,4,A,0,Advanced,Long,Private,60.0
16,4,B,1,Expert,Long,Default,20.0
16,4,None,0,,,,
16,5,A,0,Advanced,Extended,Default,130.0
16,5,B,0,Expert,Standard,Private,60.0
16,5,None,1,,,,
16,6,A,1,Expert,Extended,Private,20.0
16,6,B,0,Advanced,Long,Default,20.0
16,6,None,0,,,,
16,7,A,1,Advanced,Extended,Private,60.0
16,7,B,0,Expert,Standard,Default,130.0
16,7,None,0,,,,
16,8,A,0,Basic,Long,Default,130.0
16,8,B,1,Advanced,Extended,Private,20.0
16,8,None,0,,,,
16,9,A,0,Basic,Standard,Private,130.0
16,9,B,0,Advanced,Standard,Default,130.0
16,9,None,1,,,,
17,1,A,0,Advanced,Standard,Default,20.0
17,1,B,0,Advanced,Standard,Private,60.0
17,1,None,1,,,,
17,2,A,0,Expert,Standard,Default,20.0
17,2,B,0,Expert,Long,Private,130.0
17,2,None,1,,,,
17,3,A,0,Advanced,Long,Private,130.0
17,3,B,0,Basic,Long,Default,20.0
17,3,None,1,,,,
17,4,A,0,Advanced,Long,Private,60.0
17,4,B,1,Expert,Long,Default,20.0
17,4,None,0,,,,
17,5,A,0,Advanced,Extended,Default,130.0
17,5,B,0,Expert,Standard,Private,60.0
17,5,None,1,,,,
17,6,A,1,Expert,Extended,Private,20.0
17,6,B,0,Advanced,Long,Default,20.0
17,6,None,0,,,,
17,7,A,1,Advanced,Extended,Private,60.0
17,7,B,0,Expert,Standard,Default,130.0
17,7,None,0,,,,
17,8,A,0,Basic,Long,Default,130.0
17,8,B,1,Advanced,Extended,Private,20.0
17,8,None,0,,,,
17,9,A,0,Basic,Standard,Private,130.0
17,9,B,0,Advanced,Standard,Default,130.0
17,9,None,1,,,,
18,1,A,1,Advanced,Standard,Default,20.0
18,1,B,0,Advanced,Standard,Private,60.0
18,1,None,0,,,,
18,2,A,0,Expert,Standard,Default,20.0
18,2,B,1,Expert,Long,Private,130.0
18,2,None,0,,,,
18,3,A,0,Advanced,Long,Private,130.0
18,3,B,1,Basic,Long,Default,20.0
18,3,None,0,,,,
18,4,A,0,Advanced,Long,Private,60.0
18,4,B,1,Expert,Long,Default,20.0
18,4,None,0,,,,
18,5,A,0,Advanced,Extended,Default,130.0
18,5,B,0,Expert,Standard,Private,60.0
18,5,None,1,,,,
18,6,A,1,Expert,Extended,Private,20.0
18,6,B,0,Advanced,Long,Default,20.0
18,6,None,0,,,,
18,7,A,0,Advanced,Extended,Private,60.0
18,7,B,0,Expert,Standard,Default,130.0
18,7,None,1,,,,
18,8,A,0,Basic,Long,Default,130.0
18,8,B,1,Advanced,Extended,Private,20.0
18,8,None,0,,,,
18,9,A,0,Basic,Standard,Private,130.0
18,9,B,0,Advanced,Standard,Default,130.0
18,9,None,1,,,,
19,1,A,0,Advanced,Standard,Default,20.0
19,1,B,1,Advanced,Standard,Private,60.0
19,1,None,0,,,,
19,2,A,1,Expert,Standard,Default,20.0
19,2,B,0,Expert,Long,Private,130.0
19,2,None,0,,,,
19,3,A,0,Advanced,Long,Private,130.0
19,3,B,0,Basic,Long,Default,20.0
19,3,None,1,,,,
19,4,A,0,Advanced,Long,Private,60.0
19,4,B,1,Expert,Long,Default,20.0
19,4,None,0,,,,
19,5,A,0,Advanced,Extended,Default,130.0
19,5,B,1,Expert,Standard,Private,60.0
19,5,None,0,,,,
19,6,A,0,Expert,Extended,Private,20.0
19,6,B,0,Advanced,Long,Default,20.0
19,6,None,1,,,,
19,7,A,1,Advanced,Extended,Private,60.0
19,7,B,0,Expert,Standard,Default,130.0
19,7,None,0,,,,
19,8,A,0,Basic,Long,Default,130.0
19,8,B,1,Advanced,Extended,Private,20.0
19,8,None,0,,,,
19,9,A,0,Basic,Standard,Private,130.0
19,9,B,0,Advanced,Standard,Default,130.0
19,9,None,1,,,,
20,1,A,1,Advanced,Standard,Default,20.0
20,1,B,0,Advanced,Standard,Private,60.0
20,1,None,0,,,,
20,2,A,1,Expert,Standard,Default,20.0
20,2,B,0,Expert,Long,Private,130.0
20,2,None,0,,,,
20,3,A,0,Advanced,Long,Private,130.0
20,3,B,0,Basic,Long,Default,20.0
20,3,None,1,,,,
20,4,A,0,Advanced,Long,Private,60.0
20,4,B,1,Expert,Long,Default,20.0
20,4,None,0,,,,
20,5,A,0,Advanced,Extended,Default,130.0
20,5,B,0,Expert,Standard,Private,60.0
20,5,None,1,,,,
20,6,A,0,Expert,Extended,Private,20.0
20,6,B,0,Advanced,Long,Default,20.0
20,6,None,1,,,,
20,7,A,0,Advanced,Extended,Private,60.0
20,7,B,0,Expert,Standard,Default,130.0
20,7,None,1,,,,
20,8,A,0,Basic,Long,Default,130.0
20,8,B,1,Advanced,Extended,Private,20.0
20,8,None,0,,,,
20,9,A,0,Basic,Standard,Private,130.0
20,9,B,0,Advanced,Standard,Default,130.0
20,9,None,1,,,,
21,1,A,1,Advanced,Standard,Default,20.0
21,1,B,0,Advanced,Standard,Private,60.0
21,1,None,0,,,,
21,2,A,0,Expert,Standard,Default,20.0
21,2,B,0,Expert,Long,Private,130.0
21,2,None,1,,,,
21,3,A,0,Advanced,Long,Private,130.0
21,3,B,1,Basic,Long,Default,20.0
21,3,None,0,,,,
21,4,A,1,Advanced,Long,Private,60.0
21,4,B,0,Expert,Long,Default,20.0
21,4,None,0,,,,
21,5,A,0,Advanced,Extended,Default,130.0
21,5,B,0,Expert,Standard,Private,60.0
21,5,None,1,,,,
21,6,A,0,Expert,Extended,Private,20.0
21,6,B,1,Advanced,Long,Default,20.0
21,6,None,0,,,,
21,7,A,0,Advanced,Extended,Private,60.0
21,7,B,0,Expert,Standard,Default,130.0
21,7,None,1,,,,
21,8,A,0,Basic,Long,Default,130.0
21,8,B,1,Advanced,Extended,Private,20.0
21,8,None,0,,,,
21,9,A,0,Basic,Standard,Private,130.0
21,9,B,0,Advanced,Standard,Default,130.0
21,9,None,1,,,,
22,1,A,0,Advanced,Standard,Default,20.0
22,1,B,1,Advanced,Standard,Private,60.0
22,1,None,0,,,,
22,2,A,1,Expert,Standard,Default,20.0
22,2,B,0,Expert,Long,Private,130.0
22,2,None,0,,,,
22,3,A,1,Advanced,Long,Private,130.0
22,3,B,0,Basic,Long,Default,20.0
22,3,None,0,,,,
22,4,A,0,Advanced,Long,Private,60.0
22,4,B,1,Expert,Long,Default,20.0
22,4,None,0,,,,
22,5,A,0,Advanced,Extended,Default,130.0
22,5,B,0,Expert,Standard,Private,60.0
22,5,None,1,,,,
22,6,A,0,Expert,Extended,Private,20.0
22,6,B,1,Advanced,Long,Default,20.0
22,6,None,0,,,,
22,7,A,0,Advanced,Extended,Private,60.0
22,7,B,0,Expert,Standard,Default,130.0
22,7,None,1,,,,
22,8,A,0,Basic,Long,Default,130.0
22,8,B,1,Advanced,Extended,Private,20.0
22,8,None,0,,,,
22,9,A,0,Basic,Standard,Private,130.0
22,9,B,0,Advanced,Standard,Default,130.0
22,9,None,1,,,,
23,1,A,1,Advanced,Standard,Default,20.0
23,1,B,0,Advanced,Standard,Private,60.0
23,1,None,0,,,,
23,2,A,0,Expert,Standard,Default,20.0
23,2,B,0,Expert,Long,Private,130.0
23,2,None,1,,,,
23,3,A,0,Advanced,Long,Private,130.0
23,3,B,1,Basic,Long,Default,20.0
23,3,None,0,,,,
23,4,A,1,Advanced,Long,Private,60.0
23,4,B,0,Expert,Long,Default,20.0
23,4,None,0,,,,
23,5,A,0,Advanced,Extended,Default,130.0
23,5,B,0,Expert,Standard,Private,60.0
23,5,None,1,,,,
23,6,A,1,Expert,Extended,Private,20.0
23,6,B,0,Advanced,Long,Default,20.0
23,6,None,0,,,,
23,7,A,1,Advanced,Extended,Private,60.0
23,7,B,0,Expert,Standard,Default,130.0
23,7,None,0,,,,
23,8,A,0,Basic,Long,Default,130.0
23,8,B,0,Advanced,Extended,Private,20.0
23,8,None,1,,,,
23,9,A,0,Basic,Standard,Private,130.0
23,9,B,0,Advanced,Standard,Default,130.0
23,9,None,1,,,,
24,1,A,0,Advanced,Standard,Default,20.0
24,1,B,1,Advanced,Standard,Private,60.0
24,1,None,0,,,,
24,2,A,1,Expert,Standard,Default,20.0
24,2,B,0,Expert,Long,Private,130.0
24,2,None,0,,,,
24,3,A,0,Advanced,Long,Private,130.0
24,3,B,1,Basic,Long,Default,20.0
24,3,None,0,,,,
24,4,A,0,Advanced,Long,Private,60.0
24,4,B,1,Expert,Long,Default,20.0
24,4,None,0,,,,
24,5,A,0,Advanced,Extended,Default,130.0
24,5,B,1,Expert,Standard,Private,60.0
24,5,None,0,,,,
24,6,A,1,Expert,Extended,Private,20.0
24,6,B,0,Advanced,Long,Default,20.0
24,6,None,0,,,,
24,7,A,0,Advanced,Extended,Private,60.0
24,7,B,0,Expert,Standard,Default,130.0
24,7,None,1,,,,
24,8,A,0,Basic,Long,Default,130.0
24,8,B,1,Advanced,Extended,Private,20.0
24,8,None,0,,,,
24,9,A,1,Basic,Standard,Private,130.0
24,9,B,0,Advanced,Standard,Default,130.0
24,9,None,0,,,,
25,1,A,1,Advanced,Standard,Default,20.0
25,1,B,0,Advanced,Standard,Private,60.0
25,1,None,0,,,,
25,2,A,1,Expert,Standard,Default,20.0
25,2,B,0,Expert,Long,Private,130.0
25,2,None,0,,,,
25,3,A,0,Advanced,Long,Private,130.0
25,3,B,0,Basic,Long,Default,20.0
25,3,None,1,,,,
25,4,A,1,Advanced,Long,Private,60.0
25,4,B,0,Expert,Long,Default,20.0
25,4,None,0,,,,
25,5,A,0,Advanced,Extended,Default,130.0
25,5,B,0,Expert,Standard,Private,60.0
25,5,None,1,,,,
25,6,A,1,Expert,Extended,Private,20.0
25,6,B,0,Advanced,Long,Default,20.0
25,6,None,0,,,,
25,7,A,1,Advanced,Extended,Private,60.0
25,7,B,0,Expert,Standard,Default,130.0
25,7,None,0,,,,
25,8,A,0,Basic,Long,Default,130.0
25,8,B,1,Advanced,Extended,Private,20.0
25,8,None,0,,,,
25,9,A,0,Basic,Standard,Private,130.0
25,9,B,0,Advanced,Standard,Default,130.0
25,9,None,1,,,,
26,1,A,0,Advanced,Standard,Default,20.0
26,1,B,0,Advanced,Standard,Private,60.0
26,1,None,1,,,,
26,2,A,1,Expert,Standard,Default,20.0
26,2,B,0,Expert,Long,Private,130.0
26,2,None,0,,,,
26,3,A,0,Advanced,Long,Private,130.0
26,3,B,1,Basic,Long,Default,20.0
26,3,None,0,,,,
26,4,A,0,Advanced,Long,Private,60.0
26,4,B,1,Expert,Long,Default,20.0
26,4,None,0,,,,
26,5,A,0,Advanced,Extended,Default,130.0
26,5,B,0,Expert,Standard,Private,60.0
26,5,None,1,,,,
26,6,A,0,Expert,Extended,Private,20.0
26,6,B,1,Advanced,Long,Default,20.0
26,6,None,0,,,,
26,7,A,1,Advanced,Extended,Private,60.0
26,7,B,0,Expert,Standard,Default,130.0
26,7,None,0,,,,
26,8,A,0,Basic,Long,Default,130.0
26,8,B,1,Advanced,Extended,Private,20.0
26,8,None,0,,,,
26,9,A,0,Basic,Standard,Private,130.0
26,9,B,0,Advanced,Standard,Default,130.0
26,9,None,1,,,,
27,1,A,0,Advanced,Standard,Default,20.0
27,1,B,0,Advanced,Standard,Private,60.0
27,1,None,1,,,,
27,2,A,1,Expert,Standard,Default,20.0
27,2,B,0,Expert,Long,Private,130.0
27,2,None,0,,,,
27,3,A,0,Advanced,Long,Private,130.0
27,3,B,1,Basic,Long,Default,20.0
27,3,None,0,,,,
27,4,A,0,Advanced,Long,Private,60.0
27,4,B,1,Expert,Long,Default,20.0
27,4,None,0,,,,
27,5,A,0,Advanced,Extended,Default,130.0
27,5,B,1,Expert,Standard,Private,60.0
27,5,None,0,,,,
27,6,A,1,Expert,Extended,Private,20.0
27,6,B,0,Advanced,Long,Default,20.0
27,6,None,0,,,,
27,7,A,1,Advanced,Extended,Private,60.0
27,7,B,0,Expert,Standard,Default,130.0
27,7,None,0,,,,
27,8,A,0,Basic,Long,Default,130.0
27,8,B,1,Advanced,Extended,Private,20.0
27,8,None,0,,,,
27,9,A,0,Basic,Standard,Private,130.0
27,9,B,0,Advanced,Standard,Default,130.0
27,9,None,1,,,,
28,1,A,0,Advanced,Standard,Default,20.0
28,1,B,0,Advanced,Standard,Private,60.0
28,1,None,1,,,,
28,2,A,0,Expert,Standard,Default,20.0
28,2,B,1,Expert,Long,Private,130.0
28,2,None,0,,,,
28,3,A,1,Advanced,Long,Private,130.0
28,3,B,0,Basic,Long,Default,20.0
28,3,None,0,,,,
28,4,A,1,Advanced,Long,Private,60.0
28,4,B,0,Expert,Long,Default,20.0
28,4,None,0,,,,
28,5,A,0,Advanced,Extended,Default,130.0
28,5,B,1,Expert,Standard,Private,60.0
28,5,None,0,,,,
28,6,A,0,Expert,Extended,Private,20.0
28,6,B,0,Advanced,Long,Default,20.0
28,6,None,1,,,,
28,7,A,0,Advanced,Extended,Private,60.0
28,7,B,0,Expert,Standard,Default,130.0
28,7,None,1,,,,
28,8,A,0,Basic,Long,Default,130.0
28,8,B,1,Advanced,Extended,Private,20.0
28,8,None,0,,,,
28,9,A,0,Basic,Standard,Private,130.0
28,9,B,0,Advanced,Standard,Default,130.0
28,9,None,1,,,,
29,1,A,0,Advanced,Standard,Default,20.0
29,1,B,0,Advanced,Standard,Private,60.0
29,1,None,1,,,,
29,2,A,1,Expert,Standard,Default,20.0
29,2,B,0,Expert,Long,Private,130.0
29,2,None,0,,,,
29,3,A,0,Advanced,Long,Private,130.0
29,3,B,0,Basic,Long,Default,20.0
29,3,None,1,,,,
29,4,A,0,Advanced,Long,Private,60.0
29,4,B,1,Expert,Long,Default,20.0
29,4,None,0,,,,
29,5,A,0,Advanced,Extended,Default,130.0
29,5,B,1,Expert,Standard,Private,60.0
29,5,None,0,,,,
29,6,A,0,Expert,Extended,Private,20.0
29,6,B,1,Advanced,Long,Default,20.0
29,6,None,0,,,,
29,7,A,1,Advanced,Extended,Private,60.0
29,7,B,0,Expert,Standard,Default,130.0
29,7,None,0,,,,
29,8,A,0,Basic,Long,Default,130.0
29,8,B,1,Advanced,Extended,Private,20.0
29,8,None,0,,,,
29,9,A,0,Basic,Standard,Private,130.0
29,9,B,0,Advanced,Standard,Default,130.0
29,9,None,1,,,,
30,1,A,0,Advanced,Standard,Default,20.0
30,1,B,0,Advanced,Standard,Private,60.0
30,1,None,1,,,,
30,2,A,1,Expert,Standard,Default,20.0
30,2,B,0,Expert,Long,Private,130.0
30,2,None,0,,,,
30,3,A,0,Advanced,Long,Private,130.0
30,3,B,1,Basic,Long,Default,20.0
30,3,None,0,,,,
30,4,A,0,Advanced,Long,Private,60.0
30,4,B,0,Expert,Long,Default,20.0
30,4,None,1,,,,
30,5,A,0,Advanced,Extended,Default,130.0
30,5,B,0,Expert,Standard,Private,60.0
30,5,None,1,,,,
30,6,A,0,Expert,Extended,Private,20.0
30,6,B,0,Advanced,Long,Default,20.0
30,6,None,1,,,,
30,7,A,0,Advanced,Extended,Private,60.0
30,7,B,0,Expert,Standard,Default,130.0
30,7,None,1,,,,
30,8,A,0,Basic,Long,Default,130.0
30,8,B,1,Advanced,Extended,Private,20.0
30,8,None,0,,,,
30,9,A,0,Basic,Standard,Private,130.0
30,9,B,0,Advanced,Standard,Default,130.0
30,9,None,1,,,,
31,1,A,1,Advanced,Standard,Default,20.0
31,1,B,0,Advanced,Standard,Private,60.0
31,1,None,0,,,,
31,2,A,1,Expert,Standard,Default,20.0
31,2,B,0,Expert,Long,Private,130.0
31,2,None,0,,,,
31,3,A,0,Advanced,Long,Private,130.0
31,3,B,0,Basic,Long,Default,20.0
31,3,None,1,,,,
31,4,A,0,Advanced,Long,Private,60.0
31,4,B,1,Expert,Long,Default,20.0
31,4,None,0,,,,
31,5,A,0,Advanced,Extended,Default,130.0
31,5,B,0,Expert,Standard,Private,60.0
31,5,None,1,,,,
31,6,A,1,Expert,Extended,Private,20.0
31,6,B,0,Advanced,Long,Default,20.0
31,6,None,0,,,,
31,7,A,1,Advanced,Extended,Private,60.0
31,7,B,0,Expert,Standard,Default,130.0
31,7,None,0,,,,
31,8,A,0,Basic,Long,Default,130.0
31,8,B,0,Advanced,Extended,Private,20.0
31,8,None,1,,,,
31,9,A,0,Basic,Standard,Private,130.0
31,9,B,0,Advanced,Standard,Default,130.0
31,9,None,1,,,,
32,1,A,0,Advanced,Standard,Default,20.0
32,1,B,1,Advanced,Standard,Private,60.0
32,1,None,0,,,,
32,2,A,1,Expert,Standard,Default,20.0
32,2,B,0,Expert,Long,Private,130.0
32,2,None,0,,,,
32,3,A,0,Advanced,Long,Private,130.0
32,3,B,0,Basic,Long,Default,20.0
32,3,None,1,,,,
32,4,A,0,Advanced,Long,Private,60.0
32,4,B,1,Expert,Long,Default,20.0
32,4,None,0,,,,
32,5,A,0,Advanced,Extended,Default,130.0
32,5,B,1,Expert,Standard,Private,60.0
32,5,None,0,,,,
32,6,A,1,Expert,Extended,Private,20.0
32,6,B,0,Advanced,Long,Default,20.0
32,6,None,0,,,,
32,7,A,0,Advanced,Extended,Private,60.0
32,7,B,0,Expert,Standard,Default,130.0
32,7,None,1,,,,
32,8,A,0,Basic,Long,Default,130.0
32,8,B,1,Advanced,Extended,Private,20.0
32,8,None,0,,,,
32,9,A,0,Basic,Standard,Private,130.0
32,9,B,1,Advanced,Standard,Default,130.0
32,9,None,0,,,,
33,1,A,1,Advanced,Standard,Default,20.0
33,1,B,0,Advanced,Standard,Private,60.0
33,1,None,0,,,,
33,2,A,1,Expert,Standard,Default,20.0
33,2,B,0,Expert,Long,Private,130.0
33,2,None,0,,,,
33,3,A,0,Advanced,Long,Private,130.0
33,3,B,1,Basic,Long,Default,20.0
33,3,None,0,,,,
33,4,A,0,Advanced,Long,Private,60.0
33,4,B,1,Expert,Long,Default,20.0
33,4,None,0,,,,
33,5,A,0,Advanced,Extended,Default,130.0
33,5,B,0,Expert,Standard,Private,60.0
33,5,None,1,,,,
33,6,A,0,Expert,Extended,Private,20.0
33,6,B,0,Advanced,Long,Default,20.0
33,6,None,1,,,,
33,7,A,0,Advanced,Extended,Private,60.0
33,7,B,0,Expert,Standard,Default,130.0
33,7,None,1,,,,
33,8,A,0,Basic,Long,Default,130.0
33,8,B,0,Advanced,Extended,Private,20.0
33,8,None,1,,,,
33,9,A,0,Basic,Standard,Private,130.0
33,9,B,0,Advanced,Standard,Default,130.0
33,9,None,1,,,,
34,1,A,0,Advanced,Standard,Default,20.0
34,1,B,1,Advanced,Standard,Private,60.0
34,1,None,0,,,,
34,2,A,1,Expert,Standard,Default,20.0
34,2,B,0,Expert,Long,Private,130.0
34,2,None,0,,,,
34,3,A,0,Advanced,Long,Private,130.0
34,3,B,1,Basic,Long,Default,20.0
34,3,None,0,,,,
34,4,A,1,Advanced,Long,Private,60.0
34,4,B,0,Expert,Long,Default,20.0
34,4,None,0,,,,
34,5,A,0,Advanced,Extended,Default,130.0
34,5,B,0,Expert,Standard,Private,60.0
34,5,None,1,,,,
34,6,A,1,Expert,Extended,Private,20.0
34,6,B,0,Advanced,Long,Default,20.0
34,6,None,0,,,,
34,7,A,1,Advanced,Extended,Private,60.0
34,7,B,0,Expert,Standard,Default,130.0
34,7,None,0,,,,
34,8,A,0,Basic,Long,Default,130.0
34,8,B,1,Advanced,Extended,Private,20.0
34,8,None,0,,,,
34,9,A,0,Basic,Standard,Private,130.0
34,9,B,0,Advanced,Standard,Default,130.0
34,9,None,1,,,,
35,1,A,0,Advanced,Standard,Default,20.0
35,1,B,1,Advanced,Standard,Private,60.0
35,1,None,0,,,,
35,2,A,1,Expert,Standard,Default,20.0
35,2,B,0,Expert,Long,Private,130.0
35,2,None,0,,,,
35,3,A,0,Advanced,Long,Private,130.0
35,3,B,0,Basic,Long,Default,20.0
35,3,None,1,,,,
35,4,A,1,Advanced,Long,Private,60.0
35,4,B,0,Expert,Long,Default,20.0
35,4,None,0,,,,
35,5,A,1,Advanced,Extended,Default,130.0
35,5,B,0,Expert,Standard,Private,60.0
35,5,None,0,,,,
35,6,A,0,Expert,Extended,Private,20.0
35,6,B,1,Advanced,Long,Default,20.0
35,6,None,0,,,,
35,7,A,0,Advanced,Extended,Private,60.0
35,7,B,0,Expert,Standard,Default,130.0
35,7,None,1,,,,
35,8,A,0,Basic,Long,Default,130.0
35,8,B,0,Advanced,Extended,Private,20.0
35,8,None,1,,,,
35,9,A,0,Basic,Standard,Private,130.0
35,9,B,0,Advanced,Standard,Default,130.0
35,9,None,1,,,,
36,1,A,0,Advanced,Standard,Default,20.0
36,1,B,0,Advanced,Standard,Private,60.0
36,1,None,1,,,,
36,2,A,1,Expert,Standard,Default,20.0
36,2,B,0,Expert,Long,Private,130.0
36,2,None,0,,,,
36,3,A,1,Advanced,Long,Private,130.0
36,3,B,0,Basic,Long,Default,20.0
36,3,None,0,,,,
36,4,A,0,Advanced,Long,Private,60.0
36,4,B,1,Expert,Long,Default,20.0
36,4,None,0,,,,
36,5,A,0,Advanced,Extended,Default,130.0
36,5,B,1,Expert,Standard,Private,60.0
36,5,None,0,,,,
36,6,A,1,Expert,Extended,Private,20.0
36,6,B,0,Advanced,Long,Default,20.0
36,6,None,0,,,,
36,7,A,1,Advanced,Extended,Private,60.0
36,7,B,0,Expert,Standard,Default,130.0
36,7,None,0,,,,
36,8,A,0,Basic,Long,Default,130.0
36,8,B,1,Advanced,Extended,Private,20.0
36,8,None,0,,,,
36,9,A,0,Basic,Standard,Private,130.0
36,9,B,0,Advanced,Standard,Default,130.0
36,9,None,1,,,,
37,1,A,0,Advanced,Standard,Default,20.0
37,1,B,1,Advanced,Standard,Private,60.0
37,1,None,0,,,,
37,2,A,0,Expert,Standard,Default,20.0
37,2,B,0,Expert,Long,Private,130.0
37,2,None,1,,,,
37,3,A,0,Advanced,Long,Private,130.0
37,3,B,1,Basic,Long,Default,20.0
37,3,None,0,,,,
37,4,A,1,Advanced,Long,Private,60.0
37,4,B,0,Expert,Long,Default,20.0
37,4,None,0,,,,
37,5,A,0,Advanced,Extended,Default,130.0
37,5,B,0,Expert,Standard,Private,60.0
37,5,None,1,,,,
37,6,A,1,Expert,Extended,Private,20.0
37,6,B,0,Advanced,Long,Default,20.0
37,6,None,0,,,,
37,7,A,1,Advanced,Extended,Private,60.0
37,7,B,0,Expert,Standard,Default,130.0
37,7,None,0,,,,
37,8,A,0,Basic,Long,Default,130.0
37,8,B,1,Advanced,Extended,Private,20.0
37,8,None,0,,,,
37,9,A,0,Basic,Standard,Private,130.0
37,9,B,0,Advanced,Standard,Default,130.0
37,9,None,1,,,,
38,1,A,1,Advanced,Standard,Default,20.0
38,1,B,0,Advanced,Standard,Private,60.0
38,1,None,0,,,,
38,2,A,1,Expert,Standard,Default,20.0
38,2,B,0,Expert,Long,Private,130.0
38,2,None,0,,,,
38,3,A,0,Advanced,Long,Private,130.0
38,3,B,0,Basic,Long,Default,20.0
38,3,None,1,,,,
38,4,A,0,Advanced,Long,Private,60.0
38,4,B,1,Expert,Long,Default,20.0
38,4,None,0,,,,
38,5,A,0,Advanced,Extended,Default,130.0
38,5,B,0,Expert,Standard,Private,60.0
38,5,None,1,,,,
38,6,A,1,Expert,Extended,Private,20.0
38,6,B,0,Advanced,Long,Default,20.0
38,6,None,0,,,,
38,7,A,0,Advanced,Extended,Private,60.0
38,7,B,0,Expert,Standard,Default,130.0
38,7,None,1,,,,
38,8,A,0,Basic,Long,Default,130.0
38,8,B,1,Advanced,Extended,Private,20.0
38,8,None,0,,,,
38,9,A,0,Basic,Standard,Private,130.0
38,9,B,0,Advanced,Standard,Default,130.0
38,9,None,1,,,,
39,1,A,0,Advanced,Standard,Default,20.0
39,1,B,0,Advanced,Standard,Private,60.0
39,1,None,1,,,,
39,2,A,0,Expert,Standard,Default,20.0
39,2,B,0,Expert,Long,Private,130.0
39,2,None,1,,,,
39,3,A,0,Advanced,Long,Private,130.0
39,3,B,0,Basic,Long,Default,20.0
39,3,None,1,,,,
39,4,A,0,Advanced,Long,Private,60.0
39,4,B,1,Expert,Long,Default,20.0
39,4,None,0,,,,
39,5,A,0,Advanced,Extended,Default,130.0
39,5,B,0,Expert,Standard,Private,60.0
39,5,None,1,,,,
39,6,A,1,Expert,Extended,Private,20.0
39,6,B,0,Advanced,Long,Default,20.0
39,6,None,0,,,,
39,7,A,1,Advanced,Extended,Private,60.0
39,7,B,0,Expert,Standard,Default,130.0
39,7,None,0,,,,
39,8,A,0,Basic,Long,Default,130.0
39,8,B,1,Advanced,Extended,Private,20.0
39,8,None,0,,,,
39,9,A,0,Basic,Standard,Private,130.0
39,9,B,0,Advanced,Standard,Default,130.0
39,9,None,1,,,,
40,1,A,0,Advanced,Standard,Default,20.0
40,1,B,0,Advanced,Standard,Private,60.0
40,1,None,1,,,,
40,2,A,1,Expert,Standard,Default,20.0
40,2,B,0,Expert,Long,Private,130.0
40,2,None,0,,,,
40,3,A,0,Advanced,Long,Private,130.0
40,3,B,1,Basic,Long,Default,20.0
40,3,None,0,,,,
40,4,A,0,Advanced,Long,Private,60.0
40,4,B,1,Expert,Long,Default,20.0
40,4,None,0,,,,
40,5,A,0,Advanced,Extended,Default,130.0
40,5,B,1,Expert,Standard,Private,60.0
40,5,None,0,,,,
40,6,A,0,Expert,Extended,Private,20.0
40,6,B,1,Advanced,Long,Default,20.0
40,6,None,0,,,,
40,7,A,1,Advanced,Extended,Private,60.0
40,7,B,0,Expert,Standard,Default,130.0
40,7,None,0,,,,
40,8,A,0,Basic,Long,Default,130.0
40,8,B,1,Advanced,Extended,Private,20.0
40,8,None,0,,,,
40,9,A,0,Basic,Standard,Private,130.0
40,9,B,0,Advanced,Standard,Default,130.0
40,9,None,1,,,,
41,1,A,0,Advanced,Standard,Default,20.0
41,1,B,0,Advanced,Standard,Private,60.0
41,1,None,1,,,,
41,2,A,1,Expert,Standard,Default,20.0
41,2,B,0,Expert,Long,Private,130.0
41,2,None,0,,,,
41,3,A,0,Advanced,Long,Private,130.0
41,3,B,1,Basic,Long,Default,20.0
41,3,None,0,,,,
41,4,A,0,Advanced,Long,Private,60.0
41,4,B,0,Expert,Long,Default,20.0
41,4,None,1,,,,
41,5,A,0,Advanced,Extended,Default,130.0
41,5,B,1,Expert,Standard,Private,60.0
41,5,None,0,,,,
41,6,A,1,Expert,Extended,Private,20.0
41,6,B,0,Advanced,Long,Default,20.0
41,6,None,0,,,,
41,7,A,1,Advanced,Extended,Private,60.0
41,7,B,0,Expert,Standard,Default,130.0
41,7,None,0,,,,
41,8,A,1,Basic,Long,Default,130.0
41,8,B,0,Advanced,Extended,Private,20.0
41,8,None,0,,,,
41,9,A,0,Basic,Standard,Private,130.0
41,9,B,0,Advanced,Standard,Default,130.0
41,9,None,1,,,,
42,1,A,1,Advanced,Standard,Default,20.0
42,1,B,0,Advanced,Standard,Private,60.0
42,1,None,0,,,,
42,2,A,0,Expert,Standard,Default,20.0
42,2,B,0,Expert,Long,Private,130.0
42,2,None,1,,,,
42,3,A,0,Advanced,Long,Private,130.0
42,3,B,1,Basic,Long,Default,20.0
42,3,None,0,,,,
42,4,A,0,Advanced,Long,Private,60.0
42,4,B,1,Expert,Long,Default,20.0
42,4,None,0,,,,
42,5,A,0,Advanced,Extended,Default,130.0
42,5,B,0,Expert,Standard,Private,60.0
42,5,None,1,,,,
42,6,A,1,Expert,Extended,Private,20.0
42,6,B,0,Advanced,Long,Default,20.0
42,6,None,0,,,,
42,7,A,1,Advanced,Extended,Private,60.0
42,7,B,0,Expert,Standard,Default,130.0
42,7,None,0,,,,
42,8,A,0,Basic,Long,Default,130.0
42,8,B,1,Advanced,Extended,Private,20.0
42,8,None,0,,,,
42,9,A,0,Basic,Standard,Private,130.0
42,9,B,0,Advanced,Standard,Default,130.0
42,9,None,1,,,,
43,1,A,1,Advanced,Standard,Default,20.0
43,1,B,0,Advanced,Standard,Private,60.0
43,1,None,0,,,,
43,2,A,1,Expert,Standard,Default,20.0
43,2,B,0,Expert,Long,Private,130.0
43,2,None,0,,,,
43,3,A,0,Advanced,Long,Private,130.0
43,3,B,0,Basic,Long,Default,20.0
43,3,None,1,,,,
43,4,A,0,Advanced,Long,Private,60.0
43,4,B,1,Expert,Long,Default,20.0
43,4,None,0,,,,
43,5,A,0,Advanced,Extended,Default,130.0
43,5,B,1,Expert,Standard,Private,60.0
43,5,None,0,,,,
43,6,A,0,Expert,Extended,Private,20.0
43,6,B,1,Advanced,Long,Default,20.0
43,6,None,0,,,,
43,7,A,0,Advanced,Extended,Private,60.0
43,7,B,0,Expert,Standard,Default,130.0
43,7,None,1,,,,
43,8,A,0,Basic,Long,Default,130.0
43,8,B,1,Advanced,Extended,Private,20.0
43,8,None,0,,,,
43,9,A,0,Basic,Standard,Private,130.0
43,9,B,0,Advanced,Standard,Default,130.0
43,9,None,1,,,,
44,1,A,0,Advanced,Standard,Default,20.0
44,1,B,0,Advanced,Standard,Private,60.0
44,1,None,1,,,,
44,2,A,0,Expert,Standard,Default,20.0
44,2,B,0,Expert,Long,Private,130.0
44,2,None,1,,,,
44,3,A,0,Advanced,Long,Private,130.0
44,3,B,0,Basic,Long,Default,20.0
44,3,None,1,,,,
44,4,A,1,Advanced,Long,Private,60.0
44,4,B,0,Expert,Long,Default,20.0
44,4,None,0,,,,
44,5,A,0,Advanced,Extended,Default,130.0
44,5,B,1,Expert,Standard,Private,60.0
44,5,None,0,,,,
44,6,A,0,Expert,Extended,Private,20.0
44,6,B,1,Advanced,Long,Default,20.0
44,6,None,0,,,,
44,7,A,0,Advanced,Extended,Private,60.0
44,7,B,0,Expert,Standard,Default,130.0
44,7,None,1,,,,
44,8,A,0,Basic,Long,Default,130.0
44,8,B,0,Advanced,Extended,Private,20.0
44,8,None,1,,,,
44,9,A,0,Basic,Standard,Private,130.0
44,9,B,0,Advanced,Standard,Default,130.0
44,9,None,1,,,,
45,1,A,0,Advanced,Standard,Default,20.0
45,1,B,1,Advanced,Standard,Private,60.0
45,1,None,0,,,,
45,2,A,1,Expert,Standard,Default,20.0
45,2,B,0,Expert,Long,Private,130.0
45,2,None,0,,,,
45,3,A,0,Advanced,Long,Private,130.0
45,3,B,0,Basic,Long,Default,20.0
45,3,None,1,,,,
45,4,A,0,Advanced,Long,Private,60.0
45,4,B,1,Expert,Long,Default,20.0
45,4,None,0,,,,
45,5,A,0,Advanced,Extended,Default,130.0
45,5,B,0,Expert,Standard,Private,60.0
45,5,None,1,,,,
45,6,A,0,Expert,Extended,Private,20.0
45,6,B,1,Advanced,Long,Default,20.0
45,6,None,0,,,,
45,7,A,1,Advanced,Extended,Private,60.0
45,7,B,0,Expert,Standard,Default,130.0
45,7,None,0,,,,
45,8,A,0,Basic,Long,Default,130.0
45,8,B,1,Advanced,Extended,Private,20.0
45,8,None,0,,,,
45,9,A,0,Basic,Standard,Private,130.0
45,9,B,0,Advanced,Standard,Default,130.0
45,9,None,1,,,,
46,1,A,0,Advanced,Standard,Default,20.0
46,1,B,1,Advanced,Standard,Private,60.0
46,1,None,0,,,,
46,2,A,0,Expert,Standard,Default,20.0
46,2,B,0,Expert,Long,Private,130.0
46,2,None,1,,,,
46,3,A,0,Advanced,Long,Private,130.0
46,3,B,0,Basic,Long,Default,20.0
46,3,None,1,,,,
46,4,A,0,Advanced,Long,Private,60.0
46,4,B,0,Expert,Long,Default,20.0
46,4,None,1,,,,
46,5,A,0,Advanced,Extended,Default,130.0
46,5,B,1,Expert,Standard,Private,60.0
46,5,None,0,,,,
46,6,A,1,Expert,Extended,Private,20.0
46,6,B,0,Advanced,Long,Default,20.0
46,6,None,0,,,,
46,7,A,0,Advanced,Extended,Private,60.0
46,7,B,0,Expert,Standard,Default,130.0
46,7,None,1,,,,
46,8,A,0,Basic,Long,Default,130.0
46,8,B,1,Advanced,Extended,Private,20.0
46,8,None,0,,,,
46,9,A,0,Basic,Standard,Private,130.0
46,9,B,0,Advanced,Standard,Default,130.0
46,9,None,1,,,,
47,1,A,1,Advanced,Standard,Default,20.0
47,1,B,0,Advanced,Standard,Private,60.0
47,1,None,0,,,,
47,2,A,1,Expert,Standard,Default,20.0
47,2,B,0,Expert,Long,Private,130.0
47,2,None,0,,,,
47,3,A,0,Advanced,Long,Private,130.0
47,3,B,1,Basic,Long,Default,20.0
47,3,None,0,,,,
47,4,A,0,Advanced,Long,Private,60.0
47,4,B,1,Expert,Long,Default,20.0
47,4,None,0,,,,
47,5,A,0,Advanced,Extended,Default,130.0
47,5,B,0,Expert,Standard,Private,60.0
47,5,None,1,,,,
47,6,A,1,Expert,Extended,Private,20.0
47,6,B,0,Advanced,Long,Default,20.0
47,6,None,0,,,,
47,7,A,0,Advanced,Extended,Private,60.0
47,7,B,0,Expert,Standard,Default,130.0
47,7,None,1,,,,
47,8,A,0,Basic,Long,Default,130.0
47,8,B,1,Advanced,Extended,Private,20.0
47,8,None,0,,,,
47,9,A,0,Basic,Standard,Private,130.0
47,9,B,0,Advanced,Standard,Default,130.0
47,9,None,1,,,,
48,1,A,0,Advanced,Standard,Default,20.0
48,1,B,0,Advanced,Standard,Private,60.0
48,1,None,1,,,,
48,2,A,1,Expert,Standard,Default,20.0
48,2,B,0,Expert,Long,Private,130.0
48,2,None,0,,,,
48,3,A,0,Advanced,Long,Private,130.0
48,3,B,0,Basic,Long,Default,20.0
48,3,None,1,,,,
48,4,A,1,Advanced,Long,Private,60.0
48,4,B,0,Expert,Long,Default,20.0
48,4,None,0,,,,
48,5,A,0,Advanced,Extended,Default,130.0
48,5,B,1,Expert,Standard,Private,60.0
48,5,None,0,,,,
48,6,A,1,Expert,Extended,Private,20.0
48,6,B,0,Advanced,Long,Default,20.0
48,6,None,0,,,,
48,7,A,0,Advanced,Extended,Private,60.0
48,7,B,0,Expert,Standard,Default,130.0
48,7,None,1,,,,
48,8,A,0,Basic,Long,Default,130.0
48,8,B,1,Advanced,Extended,Private,20.0
48,8,None,0,,,,
48,9,A,0,Basic,Standard,Private,130.0
48,9,B,0,Advanced,Standard,Default,130.0
48,9,None,1,,,,
49,1,A,1,Advanced,Standard,Default,20.0
49,1,B,0,Advanced,Standard,Private,60.0
49,1,None,0,,,,
49,2,A,1,Expert,Standard,Default,20.0
49,2,B,0,Expert,Long,Private,130.0
49,2,None,0,,,,
49,3,A,0,Advanced,Long,Private,130.0
49,3,B,1,Basic,Long,Default,20.0
49,3,None,0,,,,
49,4,A,0,Advanced,Long,Private,60.0
49,4,B,0,Expert,Long,Default,20.0
49,4,None,1,,,,
49,5,A,0,Advanced,Extended,Default,130.0
49,5,B,1,Expert,Standard,Private,60.0
49,5,None,0,,,,
49,6,A,1,Expert,Extended,Private,20.0
49,6,B,0,Advanced,Long,Default,20.0
49,6,None,0,,,,
49,7,A,1,Advanced,Extended,Private,60.0
49,7,B,0,Expert,Standard,Default,130.0
49,7,None,0,,,,
49,8,A,0,Basic,Long,Default,130.0
49,8,B,1,Advanced,Extended,Private,20.0
49,8,None,0,,,,
49,9,A,0,Basic,Standard,Private,130.0
49,9,B,0,Advanced,Standard,Default,130.0
49,9,None,1,,,,
50,1,A,1,Advanced,Standard,Default,20.0
50,1,B,0,Advanced,Standard,Private,60.0
50,1,None,0,,,,
50,2,A,0,Expert,Standard,Default,20.0
50,2,B,0,Expert,Long,Private,130.0
50,2,None,1,,,,
50,3,A,0,Advanced,Long,Private,130.0
50,3,B,1,Basic,Long,Default,20.0
50,3,None,0,,,,
50,4,A,0,Advanced,Long,Private,60.0
50,4,B,0,Expert,Long,Default,20.0
50,4,None,1,,,,
50,5,A,0,Advanced,Extended,Default,130.0
50,5,B,1,Expert,Standard,Private,60.0
50,5,None,0,,,,
50,6,A,0,Expert,Extended,Private,20.0
50,6,B,0,Advanced,Long,Default,20.0
50,6,None,1,,,,
50,7,A,0,Advanced,Extended,Private,60.0
50,7,B,0,Expert,Standard,Default,130.0
50,7,None,1,,,,
50,8,A,0,Basic,Long,Default,130.0
50,8,B,1,Advanced,Extended,Private,20.0
50,8,None,0,,,,
50,9,A,0,Basic,Standard,Private,130.0
50,9,B,0,Advanced,Standard,Default,130.0
50,9,None,1,,,,
51,1,A,0,Advanced,Standard,Default,20.0
51,1,B,0,Advanced,Standard,Private,60.0
51,1,None,1,,,,
51,2,A,1,Expert,Standard,Default,20.0
51,2,B,0,Expert,Long,Private,130.0
51,2,None,0,,,,
51,3,A,0,Advanced,Long,Private,130.0
51,3,B,0,Basic,Long,Default,20.0
51,3,None,1,,,,
51,4,A,1,Advanced,Long,Private,60.0
51,4,B,0,Expert,Long,Default,20.0
51,4,None,0,,,,
51,5,A,1,Advanced,Extended,Default,130.0
51,5,B,0,Expert,Standard,Private,60.0
51,5,None,0,,,,
51,6,A,0,Expert,Extended,Private,20.0
51,6,B,1,Advanced,Long,Default,20.0
51,6,None,0,,,,
51,7,A,0,Advanced,Extended,Private,60.0
51,7,B,1,Expert,Standard,Default,130.0
51,7,None,0,,,,
51,8,A,0,Basic,Long,Default,130.0
51,8,B,0,Advanced,Extended,Private,20.0
51,8,None,1,,,,
51,9,A,0,Basic,Standard,Private,130.0
51,9,B,0,Advanced,Standard,Default,130.0
51,9,None,1,,,,
52,1,A,0,Advanced,Standard,Default,20.0
52,1,B,0,Advanced,Standard,Private,60.0
52,1,None,1,,,,
52,2,A,0,Expert,Standard,Default,20.0
52,2,B,0,Expert,Long,Private,130.0
52,2,None,1,,,,
52,3,A,0,Advanced,Long,Private,130.0
52,3,B,0,Basic,Long,Default,20.0
52,3,None,1,,,,
52,4,A,0,Advanced,Long,Private,60.0
52,4,B,0,Expert,Long,Default,20.0
52,4,None,1,,,,
52,5,A,0,Advanced,Extended,Default,130.0
52,5,B,1,Expert,Standard,Private,60.0
52,5,None,0,,,,
52,6,A,1,Expert,Extended,Private,20.0
52,6,B,0,Advanced,Long,Default,20.0
52,6,None,0,,,,
52,7,A,1,Advanced,Extended,Private,60.0
52,7,B,0,Expert,Standard,Default,130.0
52,7,None,0,,,,
52,8,A,0,Basic,Long,Default,130.0
52,8,B,1,Advanced,Extended,Private,20.0
52,8,None,0,,,,
52,9,A,0,Basic,Standard,Private,130.0
52,9,B,1,Advanced,Standard,Default,130.0
52,9,None,0,,,,
53,1,A,1,Advanced,Standard,Default,20.0
53,1,B,0,Advanced,Standard,Private,60.0
53,1,None,0,,,,
53,2,A,1,Expert,Standard,Default,20.0
53,2,B,0,Expert,Long,Private,130.0
53,2,None,0,,,,
53,3,A,0,Advanced,Long,Private,130.0
53,3,B,0,Basic,Long,Default,20.0
53,3,None,1,,,,
53,4,A,0,Advanced,Long,Private,60.0
53,4,B,1,Expert,Long,Default,20.0
53,4,None,0,,,,
53,5,A,0,Advanced,Extended,Default,130.0
53,5,B,0,Expert,Standard,Private,60.0
53,5,None,1,,,,
53,6,A,1,Expert,Extended,Private,20.0
53,6,B,0,Advanced,Long,Default,20.0
53,6,None,0,,,,
53,7,A,0,Advanced,Extended,Private,60.0
53,7,B,0,Expert,Standard,Default,130.0
53,7,None,1,,,,
53,8,A,0,Basic,Long,Default,130.0
53,8,B,0,Advanced,Extended,Private,20.0
53,8,None,1,,,,
53,9,A,0,Basic,Standard,Private,130.0
53,9,B,0,Advanced,Standard,Default,130.0
53,9,None,1,,,,
54,1,A,0,Advanced,Standard,Default,20.0
54,1,B,1,Advanced,Standard,Private,60.0
54,1,None,0,,,,
54,2,A,1,Expert,Standard,Default,20.0
54,2,B,0,Expert,Long,Private,130.0
54,2,None,0,,,,
54,3,A,0,Advanced,Long,Private,130.0
54,3,B,1,Basic,Long,Default,20.0
54,3,None,0,,,,
54,4,A,1,Advanced,Long,Private,60.0
54,4,B,0,Expert,Long,Default,20.0
54,4,None,0,,,,
54,5,A,0,Advanced,Extended,Default,130.0
54,5,B,1,Expert,Standard,Private,60.0
54,5,None,0,,,,
54,6,A,1,Expert,Extended,Private,20.0
54,6,B,0,Advanced,Long,Default,20.0
54,6,None,0,,,,
54,7,A,0,Advanced,Extended,Private,60.0
54,7,B,0,Expert,Standard,Default,130.0
54,7,None,1,,,,
54,8,A,0,Basic,Long,Default,130.0
54,8,B,1,Advanced,Extended,Private,20.0
54,8,None,0,,,,
54,9,A,0,Basic,Standard,Private,130.0
54,9,B,0,Advanced,Standard,Default,130.0
54,9,None,1,,,,
55,1,A,0,Advanced,Standard,Default,20.0
55,1,B,0,Advanced,Standard,Private,60.0
55,1,None,1,,,,
55,2,A,1,Expert,Standard,Default,20.0
55,2,B,0,Expert,Long,Private,130.0
55,2,None,0,,,,
55,3,A,1,Advanced,Long,Private,130.0
55,3,B,0,Basic,Long,Default,20.0
55,3,None,0,,,,
55,4,A,1,Advanced,Long,Private,60.0
55,4,B,0,Expert,Long,Default,20.0
55,4,None,0,,,,
55,5,A,0,Advanced,Extended,Default,130.0
55,5,B,0,Expert,Standard,Private,60.0
55,5,None,1,,,,
55,6,A,0,Expert,Extended,Private,20.0
55,6,B,1,Advanced,Long,Default,20.0
55,6,None,0,,,,
55,7,A,0,Advanced,Extended,Private,60.0
55,7,B,0,Expert,Standard,Default,130.0
55,7,None,1,,,,
55,8,A,0,Basic,Long,Default,130.0
55,8,B,0,Advanced,Extended,Private,20.0
55,8,None,1,,,,
55,9,A,0,Basic,Standard,Private,130.0
55,9,B,0,Advanced,Standard,Default,130.0
55,9,None,1,,,,
56,1,A,0,Advanced,Standard,Default,20.0
56,1,B,0,Advanced,Standard,Private,60.0
56,1,None,1,,,,
56,2,A,1,Expert,Standard,Default,20.0
56,2,B,0,Expert,Long,Private,130.0
56,2,None,0,,,,
56,3,A,0,Advanced,Long,Private,130.0
56,3,B,1,Basic,Long,Default,20.0
56,3,None,0,,,,
56,4,A,0,Advanced,Long,Private,60.0
56,4,B,1,Expert,Long,Default,20.0
56,4,None,0,,,,
56,5,A,0,Advanced,Extended,Default,130.0
56,5,B,0,Expert,Standard,Private,60.0
56,5,None,1,,,,
56,6,A,1,Expert,Extended,Private,20.0
56,6,B,0,Advanced,Long,Default,20.0
56,6,None,0,,,,
56,7,A,0,Advanced,Extended,Private,60.0
56,7,B,1,Expert,Standard,Default,130.0
56,7,None,0,,,,
56,8,A,0,Basic,Long,Default,130.0
56,8,B,1,Advanced,Extended,Private,20.0
56,8,None,0,,,,
56,9,A,0,Basic,Standard,Private,130.0
56,9,B,0,Advanced,Standard,Default,130.0
56,9,None,1,,,,
57,1,A,0,Advanced,Standard,Default,20.0
57,1,B,0,Advanced,Standard,Private,60.0
57,1,None,1,,,,
57,2,A,0,Expert,Standard,Default,20.0
57,2,B,0,Expert,Long,Private,130.0
57,2,None,1,,,,
57,3,A,0,Advanced,Long,Private,130.0
57,3,B,1,Basic,Long,Default,20.0
57,3,None,0,,,,
57,4,A,0,Advanced,Long,Private,60.0
57,4,B,1,Expert,Long,Default,20.0
57,4,None,0,,,,
57,5,A,0,Advanced,Extended,Default,130.0
57,5,B,0,Expert,Standard,Private,60.0
57,5,None,1,,,,
57,6,A,1,Expert,Extended,Private,20.0
57,6,B,0,Advanced,Long,Default,20.0
57,6,None,0,,,,
57,7,A,0,Advanced,Extended,Private,60.0
57,7,B,0,Expert,Standard,Default,130.0
57,7,None,1,,,,
57,8,A,0,Basic,Long,Default,130.0
57,8,B,1,Advanced,Extended,Private,20.0
57,8,None,0,,,,
57,9,A,0,Basic,Standard,Private,130.0
57,9,B,0,Advanced,Standard,Default,130.0
57,9,None,1,,,,
58,1,A,0,Advanced,Standard,Default,20.0
58,1,B,1,Advanced,Standard,Private,60.0
58,1,None,0,,,,
58,2,A,0,Expert,Standard,Default,20.0
58,2,B,1,Expert,Long,Private,130.0
58,2,None,0,,,,
58,3,A,0,Advanced,Long,Private,130.0
58,3,B,0,Basic,Long,Default,20.0
58,3,None,1,,,,
58,4,A,0,Advanced,Long,Private,60.0
58,4,B,1,Expert,Long,Default,20.0
58,4,None,0,,,,
58,5,A,1,Advanced,Extended,Default,130.0
58,5,B,0,Expert,Standard,Private,60.0
58,5,None,0,,,,
58,6,A,0,Expert,Extended,Private,20.0
58,6,B,1,Advanced,Long,Default,20.0
58,6,None,0,,,,
58,7,A,0,Advanced,Extended,Private,60.0
58,7,B,0,Expert,Standard,Default,130.0
58,7,None,1,,,,
58,8,A,0,Basic,Long,Default,130.0
58,8,B,1,Advanced,Extended,Private,20.0
58,8,None,0,,,,
58,9,A,0,Basic,Standard,Private,130.0
58,9,B,0,Advanced,Standard,Default,130.0
58,9,None,1,,,,
59,1,A,0,Advanced,Standard,Default,20.0
59,1,B,1,Advanced,Standard,Private,60.0
59,1,None,0,,,,
59,2,A,0,Expert,Standard,Default,20.0
59,2,B,0,Expert,Long,Private,130.0
59,2,None,1,,,,
59,3,A,0,Advanced,Long,Private,130.0
59,3,B,1,Basic,Long,Default,20.0
59,3,None,0,,,,
59,4,A,0,Advanced,Long,Private,60.0
59,4,B,0,Expert,Long,Default,20.0
59,4,None,1,,,,
59,5,A,0,Advanced,Extended,Default,130.0
59,5,B,1,Expert,Standard,Private,60.0
59,5,None,0,,,,
59,6,A,0,Expert,Extended,Private,20.0
59,6,B,0,Advanced,Long,Default,20.0
59,6,None,1,,,,
59,7,A,1,Advanced,Extended,Private,60.0
59,7,B,0,Expert,Standard,Default,130.0
59,7,None,0,,,,
59,8,A,0,Basic,Long,Default,130.0
59,8,B,1,Advanced,Extended,Private,20.0
59,8,None,0,,,,
59,9,A,0,Basic,Standard,Private,130.0
59,9,B,0,Advanced,Standard,Default,130.0
59,9,None,1,,,,
60,1,A,0,Advanced,Standard,Default,20.0
60,1,B,0,Advanced,Standard,Private,60.0
60,1,None,1,,,,
60,2,A,0,Expert,Standard,Default,20.0
60,2,B,1,Expert,Long,Private,130.0
60,2,None,0,,,,
60,3,A,0,Advanced,Long,Private,130.0
60,3,B,0,Basic,Long,Default,20.0
60,3,None,1,,,,
60,4,A,1,Advanced,Long,Private,60.0
60,4,B,0,Expert,Long,Default,20.0
60,4,None,0,,,,
60,5,A,0,Advanced,Extended,Default,130.0
60,5,B,1,Expert,Standard,Private,60.0
60,5,None,0,,,,
60,6,A,1,Expert,Extended,Private,20.0
60,6,B,0,Advanced,Long,Default,20.0
60,6,None,0,,,,
60,7,A,0,Advanced,Extended,Private,60.0
60,7,B,0,Expert,Standard,Default,130.0
60,7,None,1,,,,
60,8,A,0,Basic,Long,Default,130.0
60,8,B,1,Advanced,Extended,Private,20.0
60,8,None,0,,,,
60,9,A,0,Basic,Standard,Private,130.0
60,9,B,0,Advanced,Standard,Default,130.0
60,9,None,1,,,,
61,1,A,1,Advanced,Standard,Default,20.0
61,1,B,0,Advanced,Standard,Private,60.0
61,1,None,0,,,,
61,2,A,1,Expert,Standard,Default,20.0
61,2,B,0,Expert,Long,Private,130.0
61,2,None,0,,,,
61,3,A,0,Advanced,Long,Private,130.0
61,3,B,1,Basic,Long,Default,20.0
61,3,None,0,,,,
61,4,A,0,Advanced,Long,Private,60.0
61,4,B,1,Expert,Long,Default,20.0
61,4,None,0,,,,
61,5,A,0,Advanced,Extended,Default,130.0
61,5,B,0,Expert,Standard,Private,60.0
61,5,None,1,,,,
61,6,A,1,Expert,Extended,Private,20.0
61,6,B,0,Advanced,Long,Default,20.0
61,6,None,0,,,,
61,7,A,0,Advanced,Extended,Private,60.0
61,7,B,0,Expert,Standard,Default,130.0
61,7,None,1,,,,
61,8,A,0,Basic,Long,Default,130.0
61,8,B,1,Advanced,Extended,Private,20.0
61,8,None,0,,,,
61,9,A,0,Basic,Standard,Private,130.0
61,9,B,1,Advanced,Standard,Default,130.0
61,9,None,0,,,,
62,1,A,1,Advanced,Standard,Default,20.0
62,1,B,0,Advanced,Standard,Private,60.0
62,1,None,0,,,,
62,2,A,0,Expert,Standard,Default,20.0
62,2,B,0,Expert,Long,Private,130.0
62,2,None,1,,,,
62,3,A,0,Advanced,Long,Private,130.0
62,3,B,1,Basic,Long,Default,20.0
62,3,None,0,,,,
62,4,A,0,Advanced,Long,Private,60.0
62,4,B,1,Expert,Long,Default,20.0
62,4,None,0,,,,
62,5,A,0,Advanced,Extended,Default,130.0
62,5,B,0,Expert,Standard,Private,60.0
62,5,None,1,,,,
62,6,A,1,Expert,Extended,Private,20.0
62,6,B,0,Advanced,Long,Default,20.0
62,6,None,0,,,,
62,7,A,0,Advanced,Extended,Private,60.0
62,7,B,0,Expert,Standard,Default,130.0
62,7,None,1,,,,
62,8,A,0,Basic,Long,Default,130.0
62,8,B,1,Advanced,Extended,Private,20.0
62,8,None,0,,,,
62,9,A,0,Basic,Standard,Private,130.0
62,9,B,0,Advanced,Standard,Default,130.0
62,9,None,1,,,,
63,1,A,1,Advanced,Standard,Default,20.0
63,1,B,0,Advanced,Standard,Private,60.0
63,1,None,0,,,,
63,2,A,1,Expert,Standard,Default,20.0
63,2,B,0,Expert,Long,Private,130.0
63,2,None,0,,,,
63,3,A,0,Advanced,Long,Private,130.0
63,3,B,0,Basic,Long,Default,20.0
63,3,None,1,,,,
63,4,A,0,Advanced,Long,Private,60.0
63,4,B,0,Expert,Long,Default,20.0
63,4,None,1,,,,
63,5,A,0,Advanced,Extended,Default,130.0
63,5,B,0,Expert,Standard,Private,60.0
63,5,None,1,,,,
63,6,A,0,Expert,Extended,Private,20.0
63,6,B,1,Advanced,Long,Default,20.0
63,6,None,0,,,,
63,7,A,0,Advanced,Extended,Private,60.0
63,7,B,0,Expert,Standard,Default,130.0
63,7,None,1,,,,
63,8,A,0,Basic,Long,Default,130.0
63,8,B,0,Advanced,Extended,Private,20.0
63,8,None,1,,,,
63,9,A,0,Basic,Standard,Private,130.0
63,9,B,0,Advanced,Standard,Default,130.0
63,9,None,1,,,,
64,1,A,1,Advanced,Standard,Default,20.0
64,1,B,0,Advanced,Standard,Private,60.0
64,1,None,0,,,,
64,2,A,0,Expert,Standard,Default,20.0
64,2,B,0,Expert,Long,Private,130.0
64,2,None,1,,,,
64,3,A,0,Advanced,Long,Private,130.0
64,3,B,1,Basic,Long,Default,20.0
64,3,None,0,,,,
64,4,A,0,Advanced,Long,Private,60.0
64,4,B,1,Expert,Long,Default,20.0
64,4,None,0,,,,
64,5,A,0,Advanced,Extended,Default,130.0
64,5,B,1,Expert,Standard,Private,60.0
64,5,None,0,,,,
64,6,A,1,Expert,Extended,Private,20.0
64,6,B,0,Advanced,Long,Default,20.0
64,6,None,0,,,,
64,7,A,1,Advanced,Extended,Private,60.0
64,7,B,0,Expert,Standard,Default,130.0
64,7,None,0,,,,
64,8,A,0,Basic,Long,Default,130.0
64,8,B,1,Advanced,Extended,Private,20.0
64,8,None,0,,,,
64,9,A,0,Basic,Standard,Private,130.0
64,9,B,0,Advanced,Standard,Default,130.0
64,9,None,1,,,,
65,1,A,0,Advanced,Standard,Default,20.0
65,1,B,0,Advanced,Standard,Private,60.0
65,1,None,1,,,,
65,2,A,0,Expert,Standard,Default,20.0
65,2,B,0,Expert,Long,Private,130.0
65,2,None,1,,,,
65,3,A,0,Advanced,Long,Private,130.0
65,3,B,0,Basic,Long,Default,20.0
65,3,None,1,,,,
65,4,A,0,Advanced,Long,Private,60.0
65,4,B,0,Expert,Long,Default,20.0
65,4,None,1,,,,
65,5,A,0,Advanced,Extended,Default,130.0
65,5,B,0,Expert,Standard,Private,60.0
65,5,None,1,,,,
65,6,A,0,Expert,Extended,Private,20.0
65,6,B,1,Advanced,Long,Default,20.0
65,6,None,0,,,,
65,7,A,0,Advanced,Extended,Private,60.0
65,7,B,0,Expert,Standard,Default,130.0
65,7,None,1,,,,
65,8,A,0,Basic,Long,Default,130.0
65,8,B,1,Advanced,Extended,Private,20.0
65,8,None,0,,,,
65,9,A,1,Basic,Standard,Private,130.0
65,9,B,0,Advanced,Standard,Default,130.0
65,9,None,0,,,,
66,1,A,0,Advanced,Standard,Default,20.0
66,1,B,0,Advanced,Standard,Private,60.0
66,1,None,1,,,,
66,2,A,1,Expert,Standard,Default,20.0
66,2,B,0,Expert,Long,Private,130.0
66,2,None,0,,,,
66,3,A,0,Advanced,Long,Private,130.0
66,3,B,0,Basic,Long,Default,20.0
66,3,None,1,,,,
66,4,A,0,Advanced,Long,Private,60.0
66,4,B,1,Expert,Long,Default,20.0
66,4,None,0,,,,
66,5,A,1,Advanced,Extended,Default,130.0
66,5,B,0,Expert,Standard,Private,60.0
66,5,None,0,,,,
66,6,A,0,Expert,Extended,Private,20.0
66,6,B,1,Advanced,Long,Default,20.0
66,6,None,0,,,,
66,7,A,1,Advanced,Extended,Private,60.0
66,7,B,0,Expert,Standard,Default,130.0
66,7,None,0,,,,
66,8,A,0,Basic,Long,Default,130.0
66,8,B,1,Advanced,Extended,Private,20.0
66,8,None,0,,,,
66,9,A,0,Basic,Standard,Private,130.0
66,9,B,0,Advanced,Standard,Default,130.0
66,9,None,1,,,,
67,1,A,1,Advanced,Standard,Default,20.0
67,1,B,0,Advanced,Standard,Private,60.0
67,1,None,0,,,,
67,2,A,1,Expert,Standard,Default,20.0
67,2,B,0,Expert,Long,Private,130.0
67,2,None,0,,,,
67,3,A,0,Advanced,Long,Private,130.0
67,3,B,0,Basic,Long,Default,20.0
67,3,None,1,,,,
67,4,A,1,Advanced,Long,Private,60.0
67,4,B,0,Expert,Long,Default,20.0
67,4,None,0,,,,
67,5,A,0,Advanced,Extended,Default,130.0
67,5,B,1,Expert,Standard,Private,60.0
67,5,None,0,,,,
67,6,A,0,Expert,Extended,Private,20.0
67,6,B,1,Advanced,Long,Default,20.0
67,6,None,0,,,,
67,7,A,0,Advanced,Extended,Private,60.0
67,7,B,0,Expert,Standard,Default,130.0
67,7,None,1,,,,
67,8,A,0,Basic,Long,Default,130.0
67,8,B,1,Advanced,Extended,Private,20.0
67,8,None,0,,,,
67,9,A,0,Basic,Standard,Private,130.0
67,9,B,1,Advanced,Standard,Default,130.0
67,9,None,0,,,,
68,1,A,1,Advanced,Standard,Default,20.0
68,1,B,0,Advanced,Standard,Private,60.0
68,1,None,0,,,,
68,2,A,1,Expert,Standard,Default,20.0
68,2,B,0,Expert,Long,Private,130.0
68,2,None,0,,,,
68,3,A,0,Advanced,Long,Private,130.0
68,3,B,1,Basic,Long,Default,20.0
68,3,None,0,,,,
68,4,A,1,Advanced,Long,Private,60.0
68,4,B,0,Expert,Long,Default,20.0
68,4,None,0,,,,
68,5,A,0,Advanced,Extended,Default,130.0
68,5,B,1,Expert,Standard,Private,60.0
68,5,None,0,,,,
68,6,A,1,Expert,Extended,Private,20.0
68,6,B,0,Advanced,Long,Default,20.0
68,6,None,0,,,,
68,7,A,0,Advanced,Extended,Private,60.0
68,7,B,1,Expert,Standard,Default,130.0
68,7,None,0,,,,
68,8,A,0,Basic,Long,Default,130.0
68,8,B,1,Advanced,Extended,Private,20.0
68,8,None,0,,,,
68,9,A,0,Basic,Standard,Private,130.0
68,9,B,0,Advanced,Standard,Default,130.0
68,9,None,1,,,,
69,1,A,1,Advanced,Standard,Default,20.0
69,1,B,0,Advanced,Standard,Private,60.0
69,1,None,0,,,,
69,2,A,1,Expert,Standard,Default,20.0
69,2,B,0,Expert,Long,Private,130.0
69,2,None,0,,,,
69,3,A,0,Advanced,Long,Private,130.0
69,3,B,1,Basic,Long,Default,20.0
69,3,None,0,,,,
69,4,A,1,Advanced,Long,Private,60.0
69,4,B,0,Expert,Long,Default,20.0
69,4,None,0,,,,
69,5,A,0,Advanced,Extended,Default,130.0
69,5,B,1,Expert,Standard,Private,60.0
69,5,None,0,,,,
69,6,A,0,Expert,Extended,Private,20.0
69,6,B,0,Advanced,Long,Default,20.0
69,6,None,1,,,,
69,7,A,0,Advanced,Extended,Private,60.0
69,7,B,0,Expert,Standard,Default,130.0
69,7,None,1,,,,
69,8,A,0,Basic,Long,Default,130.0
69,8,B,1,Advanced,Extended,Private,20.0
69,8,None,0,,,,
69,9,A,1,Basic,Standard,Private,130.0
69,9,B,0,Advanced,Standard,Default,130.0
69,9,None,0,,,,
70,1,A,1,Advanced,Standard,Default,20.0
70,1,B,0,Advanced,Standard,Private,60.0
70,1,None,0,,,,
70,2,A,1,Expert,Standard,Default,20.0
70,2,B,0,Expert,Long,Private,130.0
70,2,None,0,,,,
70,3,A,0,Advanced,Long,Private,130.0
70,3,B,1,Basic,Long,Default,20.0
70,3,None,0,,,,
70,4,A,0,Advanced,Long,Private,60.0
70,4,B,1,Expert,Long,Default,20.0
70,4,None,0,,,,
70,5,A,0,Advanced,Extended,Default,130.0
70,5,B,1,Expert,Standard,Private,60.0
70,5,None,0,,,,
70,6,A,1,Expert,Extended,Private,20.0
70,6,B,0,Advanced,Long,Default,20.0
70,6,None,0,,,,
70,7,A,0,Advanced,Extended,Private,60.0
70,7,B,0,Expert,Standard,Default,130.0
70,7,None,1,,,,
70,8,A,0,Basic,Long,Default,130.0
70,8,B,1,Advanced,Extended,Private,20.0
70,8,None,0,,,,
70,9,A,0,Basic,Standard,Private,130.0
70,9,B,0,Advanced,Standard,Default,130.0
70,9,None,1,,,,
71,1,A,0,Advanced,Standard,Default,20.0
71,1,B,0,Advanced,Standard,Private,60.0
71,1,None,1,,,,
71,2,A,1,Expert,Standard,Default,20.0
71,2,B,0,Expert,Long,Private,130.0
71,2,None,0,,,,
71,3,A,0,Advanced,Long,Private,130.0
71,3,B,1,Basic,Long,Default,20.0
71,3,None,0,,,,
71,4,A,0,Advanced,Long,Private,60.0
71,4,B,1,Expert,Long,Default,20.0
71,4,None,0,,,,
71,5,A,0,Advanced,Extended,Default,130.0
71,5,B,0,Expert,Standard,Private,60.0
71,5,None,1,,,,
71,6,A,0,Expert,Extended,Private,20.0
71,6,B,0,Advanced,Long,Default,20.0
71,6,None,1,,,,
71,7,A,0,Advanced,Extended,Private,60.0
71,7,B,0,Expert,Standard,Default,130.0
71,7,None,1,,,,
71,8,A,0,Basic,Long,Default,130.0
71,8,B,1,Advanced,Extended,Private,20.0
71,8,None,0,,,,
71,9,A,0,Basic,Standard,Private,130.0
71,9,B,0,Advanced,Standard,Default,130.0
71,9,None,1,,,,
72,1,A,0,Advanced,Standard,Default,20.0
72,1,B,0,Advanced,Standard,Private,60.0
72,1,None,1,,,,
72,2,A,1,Expert,Standard,Default,20.0
72,2,B,0,Expert,Long,Private,130.0
72,2,None,0,,,,
72,3,A,0,Advanced,Long,Private,130.0
72,3,B,1,Basic,Long,Default,20.0
72,3,None,0,,,,
72,4,A,0,Advanced,Long,Private,60.0
72,4,B,1,Expert,Long,Default,20.0
72,4,None,0,,,,
72,5,A,0,Advanced,Extended,Default,130.0
72,5,B,1,Expert,Standard,Private,60.0
72,5,None,0,,,,
72,6,A,1,Expert,Extended,Private,20.0
72,6,B,0,Advanced,Long,Default,20.0
72,6,None,0,,,,
72,7,A,1,Advanced,Extended,Private,60.0
72,7,B,0,Expert,Standard,Default,130.0
72,7,None,0,,,,
72,8,A,0,Basic,Long,Default,130.0
72,8,B,0,Advanced,Extended,Private,20.0
72,8,None,1,,,,
72,9,A,0,Basic,Standard,Private,130.0
72,9,B,0,Advanced,Standard,Default,130.0
72,9,None,1,,,,
73,1,A,0,Advanced,Standard,Default,20.0
73,1,B,0,Advanced,Standard,Private,60.0
73,1,None,1,,,,
73,2,A,1,Expert,Standard,Default,20.0
73,2,B,0,Expert,Long,Private,130.0
73,2,None,0,,,,
73,3,A,0,Advanced,Long,Private,130.0
73,3,B,1,Basic,Long,Default,20.0
73,3,None,0,,,,
73,4,A,1,Advanced,Long,Private,60.0
73,4,B,0,Expert,Long,Default,20.0
73,4,None,0,,,,
73,5,A,0,Advanced,Extended,Default,130.0
73,5,B,0,Expert,Standard,Private,60.0
73,5,None,1,,,,
73,6,A,0,Expert,Extended,Private,20.0
73,6,B,1,Advanced,Long,Default,20.0
73,6,None,0,,,,
73,7,A,0,Advanced,Extended,Private,60.0
73,7,B,0,Expert,Standard,Default,130.0
73,7,None,1,,,,
73,8,A,0,Basic,Long,Default,130.0
73,8,B,0,Advanced,Extended,Private,20.0
73,8,None,1,,,,
73,9,A,0,Basic,Standard,Private,130.0
73,9,B,0,Advanced,Standard,Default,130.0
73,9,None,1,,,,
74,1,A,0,Advanced,Standard,Default,20.0
74,1,B,0,Advanced,Standard,Private,60.0
74,1,None,1,,,,
74,2,A,1,Expert,Standard,Default,20.0
74,2,B,0,Expert,Long,Private,130.0
74,2,None,0,,,,
74,3,A,0,Advanced,Long,Private,130.0
74,3,B,1,Basic,Long,Default,20.0
74,3,None,0,,,,
74,4,A,1,Advanced,Long,Private,60.0
74,4,B,0,Expert,Long,Default,20.0
74,4,None,0,,,,
74,5,A,0,Advanced,Extended,Default,130.0
74,5,B,1,Expert,Standard,Private,60.0
74,5,None,0,,,,
74,6,A,1,Expert,Extended,Private,20.0
74,6,B,0,Advanced,Long,Default,20.0
74,6,None,0,,,,
74,7,A,1,Advanced,Extended,Private,60.0
74,7,B,0,Expert,Standard,Default,130.0
74,7,None,0,,,,
74,8,A,0,Basic,Long,Default,130.0
74,8,B,1,Advanced,Extended,Private,20.0
74,8,None,0,,,,
74,9,A,0,Basic,Standard,Private,130.0
74,9,B,0,Advanced,Standard,Default,130.0
74,9,None,1,,,,
75,1,A,0,Advanced,Standard,Default,20.0
75,1,B,1,Advanced,Standard,Private,60.0
75,1,None,0,,,,
75,2,A,1,Expert,Standard,Default,20.0
75,2,B,0,Expert,Long,Private,130.0
75,2,None,0,,,,
75,3,A,0,Advanced,Long,Private,130.0
75,3,B,1,Basic,Long,Default,20.0
75,3,None,0,,,,
75,4,A,0,Advanced,Long,Private,60.0
75,4,B,1,Expert,Long,Default,20.0
75,4,None,0,,,,
75,5,A,0,Advanced,Extended,Default,130.0
75,5,B,0,Expert,Standard,Private,60.0
75,5,None,1,,,,
75,6,A,0,Expert,Extended,Private,20.0
75,6,B,0,Advanced,Long,Default,20.0
75,6,None,1,,,,
75,7,A,1,Advanced,Extended,Private,60.0
75,7,B,0,Expert,Standard,Default,130.0
75,7,None,0,,,,
75,8,A,0,Basic,Long,Default,130.0
75,8,B,0,Advanced,Extended,Private,20.0
75,8,None,1,,,,
75,9,A,0,Basic,Standard,Private,130.0
75,9,B,0,Advanced,Standard,Default,130.0
75,9,None,1,,,,
76,1,A,1,Advanced,Standard,Default,20.0
76,1,B,0,Advanced,Standard,Private,60.0
76,1,None,0,,,,
76,2,A,1,Expert,Standard,Default,20.0
76,2,B,0,Expert,Long,Private,130.0
76,2,None,0,,,,
76,3,A,0,Advanced,Long,Private,130.0
76,3,B,0,Basic,Long,Default,20.0
76,3,None,1,,,,
76,4,A,0,Advanced,Long,Private,60.0
76,4,B,1,Expert,Long,Default,20.0
76,4,None,0,,,,
76,5,A,0,Advanced,Extended,Default,130.0
76,5,B,0,Expert,Standard,Private,60.0
76,5,None,1,,,,
76,6,A,1,Expert,Extended,Private,20.0
76,6,B,0,Advanced,Long,Default,20.0
76,6,None,0,,,,
76,7,A,0,Advanced,Extended,Private,60.0
76,7,B,0,Expert,Standard,Default,130.0
76,7,None,1,,,,
76,8,A,0,Basic,Long,Default,130.0
76,8,B,1,Advanced,Extended,Private,20.0
76,8,None,0,,,,
76,9,A,0,Basic,Standard,Private,130.0
76,9,B,0,Advanced,Standard,Default,130.0
76,9,None,1,,,,
77,1,A,0,Advanced,Standard,Default,20.0
77,1,B,0,Advanced,Standard,Private,60.0
77,1,None,1,,,,
77,2,A,1,Expert,Standard,Default,20.0
77,2,B,0,Expert,Long,Private,130.0
77,2,None,0,,,,
77,3,A,0,Advanced,Long,Private,130.0
77,3,B,1,Basic,Long,Default,20.0
77,3,None,0,,,,
77,4,A,1,Advanced,Long,Private,60.0
77,4,B,0,Expert,Long,Default,20.0
77,4,None,0,,,,
77,5,A,0,Advanced,Extended,Default,130.0
77,5,B,1,Expert,Standard,Private,60.0
77,5,None,0,,,,
77,6,A,0,Expert,Extended,Private,20.0
77,6,B,1,Advanced,Long,Default,20.0
77,6,None,0,,,,
77,7,A,1,Advanced,Extended,Private,60.0
77,7,B,0,Expert,Standard,Default,130.0
77,7,None,0,,,,
77,8,A,0,Basic,Long,Default,130.0
77,8,B,0,Advanced,Extended,Private,20.0
77,8,None,1,,,,
77,9,A,0,Basic,Standard,Private,130.0
77,9,B,0,Advanced,Standard,Default,130.0
77,9,None,1,,,,
78,1,A,0,Advanced,Standard,Default,20.0
78,1,B,0,Advanced,Standard,Private,60.0
78,1,None,1,,,,
78,2,A,1,Expert,Standard,Default,20.0
78,2,B,0,Expert,Long,Private,130.0
78,2,None,0,,,,
78,3,A,0,Advanced,Long,Private,130.0
78,3,B,1,Basic,Long,Default,20.0
78,3,None,0,,,,
78,4,A,1,Advanced,Long,Private,60.0
78,4,B,0,Expert,Long,Default,20.0
78,4,None,0,,,,
78,5,A,0,Advanced,Extended,Default,130.0
78,5,B,1,Expert,Standard,Private,60.0
78,5,None,0,,,,
78,6,A,1,Expert,Extended,Private,20.0
78,6,B,0,Advanced,Long,Default,20.0
78,6,None,0,,,,
78,7,A,1,Advanced,Extended,Private,60.0
78,7,B,0,Expert,Standard,Default,130.0
78,7,None,0,,,,
78,8,A,0,Basic,Long,Default,130.0
78,8,B,0,Advanced,Extended,Private,20.0
78,8,None,1,,,,
78,9,A,0,Basic,Standard,Private,130.0
78,9,B,0,Advanced,Standard,Default,130.0
78,9,None,1,,,,
79,1,A,0,Advanced,Standard,Default,20.0
79,1,B,1,Advanced,Standard,Private,60.0
79,1,None,0,,,,
79,2,A,1,Expert,Standard,Default,20.0
79,2,B,0,Expert,Long,Private,130.0
79,2,None,0,,,,
79,3,A,0,Advanced,Long,Private,130.0
79,3,B,0,Basic,Long,Default,20.0
79,3,None,1,,,,
79,4,A,0,Advanced,Long,Private,60.0
79,4,B,1,Expert,Long,Default,20.0
79,4,None,0,,,,
79,5,A,0,Advanced,Extended,Default,130.0
79,5,B,0,Expert,Standard,Private,60.0
79,5,None,1,,,,
79,6,A,0,Expert,Extended,Private,20.0
79,6,B,0,Advanced,Long,Default,20.0
79,6,None,1,,,,
79,7,A,0,Advanced,Extended,Private,60.0
79,7,B,0,Expert,Standard,Default,130.0
79,7,None,1,,,,
79,8,A,0,Basic,Long,Default,130.0
79,8,B,1,Advanced,Extended,Private,20.0
79,8,None,0,,,,
79,9,A,0,Basic,Standard,Private,130.0
79,9,B,0,Advanced,Standard,Default,130.0
79,9,None,1,,,,
80,1,A,0,Advanced,Standard,Default,20.0
80,1,B,0,Advanced,Standard,Private,60.0
80,1,None,1,,,,
80,2,A,0,Expert,Standard,Default,20.0
80,2,B,0,Expert,Long,Private,130.0
80,2,None,1,,,,
80,3,A,0,Advanced,Long,Private,130.0
80,3,B,0,Basic,Long,Default,20.0
80,3,None,1,,,,
80,4,A,1,Advanced,Long,Private,60.0
80,4,B,0,Expert,Long,Default,20.0
80,4,None,0,,,,
80,5,A,0,Advanced,Extended,Default,130.0
80,5,B,1,Expert,Standard,Private,60.0
80,5,None,0,,,,
80,6,A,0,Expert,Extended,Private,20.0
80,6,B,0,Advanced,Long,Default,20.0
80,6,None,1,,,,
80,7,A,1,Advanced,Extended,Private,60.0
80,7,B,0,Expert,Standard,Default,130.0
80,7,None,0,,,,
80,8,A,0,Basic,Long,Default,130.0
80,8,B,0,Advanced,Extended,Private,20.0
80,8,None,1,,,,
80,9,A,0,Basic,Standard,Private,130.0
80,9,B,0,Advanced,Standard,Default,130.0
80,9,None,1,,,,
